formatted_string,free_2nm_tip3p,free_cap_tip3p,free_2nm_tips3p,bclxl_puma_3.5nm,bclxl_puma_capped
A-1MET,1.0,1.0,2.0,1,0
A-2SER,1.0,1.0,3.0,1,3
A-3GLN,1.0,0.0,0.0,1,0
A-4SER,1.0,1.0,2.0,2,2
A-5ASN,3.0,4.0,5.0,4,5
A-6ARG,3.0,3.0,0.0,1,4
A-7GLU,5.0,1.0,0.0,1,1
A-8LEU,1.0,0.0,0.0,0,0
A-9VAL,2.0,2.0,3.0,3,3
A-10VAL,3.0,3.0,4.0,0,2
A-11ASP,3.0,2.0,2.0,2,3
A-12PHE,3.0,3.0,3.0,3,2
A-13LEU,2.0,2.0,3.0,2,3
A-14SER,1.0,1.0,1.0,1,2
A-15TYR,2.0,2.0,2.0,2,2
A-16LYS,2.0,2.0,2.0,2,2
A-17LEU,1.0,1.0,2.0,0,2
A-18SER,0.0,0.0,1.0,0,2
A-19GLN,2.0,2.0,2.0,2,3
A-20LYS,1.0,1.0,1.0,1,1
A-21GLY,0.0,0.0,0.0,0,0
A-22TYR,1.0,1.0,2.0,1,1
A-23SER,2.0,2.0,2.0,1,1
A-24TRP,3.0,3.0,4.0,2,2
A-25SER,2.0,1.0,1.0,0,2
A-26GLN,2.0,2.0,3.0,3,1
A-27PHE,3.0,3.0,4.0,1,2
A-28SER,3.0,4.0,4.0,3,2
A-29ASP,1.0,1.0,0.0,1,0
A-30VAL,1.0,1.0,1.0,1,3
A-31GLU,0.0,0.0,0.0,0,0
A-32GLU,1.0,2.0,1.0,1,1
A-33ASN,2.0,2.0,1.0,0,0
A-34ARG,1.0,1.0,0.0,2,1
A-35THR,0.0,1.0,0.0,0,0
A-36GLU,3.0,0.0,0.0,0,0
A-37ALA,2.0,2.0,1.0,1,1
A-38PRO,5.0,1.0,1.0,2,1
A-39GLU,0.0,2.0,1.0,0,2
A-40GLY,0.0,0.0,0.0,0,0
A-41THR,0.0,0.0,1.0,1,0
A-42GLU,0.0,0.0,0.0,0,0
A-43SER,3.0,3.0,2.0,1,3
A-44GLU,2.0,0.0,1.0,1,0
A-45ALA,1.0,1.0,2.0,2,2
A-46VAL,2.0,3.0,1.0,0,1
A-47LYS,4.0,3.0,3.0,3,3
A-48GLN,2.0,0.0,0.0,2,2
A-49ALA,2.0,2.0,2.0,2,2
A-50LEU,2.0,2.0,2.0,2,2
A-51ARG,3.0,2.0,2.0,3,3
A-52GLU,2.0,0.0,1.0,0,1
A-53ALA,2.0,2.0,2.0,2,1
A-54GLY,0.0,0.0,0.0,0,0
A-55ASP,0.0,0.0,0.0,1,2
A-56GLU,1.0,2.0,1.0,1,1
A-57PHE,3.0,2.0,4.0,3,2
A-58GLU,1.0,1.0,0.0,2,0
A-59LEU,0.0,0.0,0.0,2,1
A-60ARG,3.0,2.0,2.0,2,1
A-61TYR,3.0,2.0,2.0,2,1
A-62ARG,0.0,0.0,0.0,1,0
A-63ARG,1.0,0.0,0.0,3,2
A-64ALA,0.0,0.0,0.0,4,1
A-65PHE,3.0,1.0,1.0,0,1
A-66SER,0.0,0.0,0.0,2,2
A-67ASP,1.0,0.0,0.0,1,1
A-68LEU,2.0,2.0,1.0,2,1
A-69THR,2.0,0.0,2.0,2,2
A-70SER,0.0,0.0,0.0,1,2
A-71GLN,1.0,1.0,1.0,2,0
A-72LEU,1.0,1.0,2.0,3,2
A-73HIS,1.0,1.0,1.0,0,3
A-74ILE,1.0,1.0,2.0,1,1
A-75THR,2.0,2.0,3.0,2,2
A-76PRO,2.0,3.0,3.0,1,1
A-77GLY,0.0,0.0,0.0,0,0
A-78THR,1.0,1.0,3.0,1,1
A-79ALA,2.0,2.0,2.0,4,2
A-80TYR,2.0,2.0,3.0,2,0
A-81GLN,1.0,1.0,1.0,0,0
A-82SER,2.0,2.0,3.0,3,3
A-83PHE,2.0,2.0,2.0,0,1
A-84GLU,1.0,2.0,1.0,0,1
A-85GLN,0.0,0.0,0.0,4,4
A-86VAL,3.0,3.0,3.0,1,1
A-87VAL,3.0,3.0,2.0,2,2
A-88ASN,0.0,1.0,0.0,0,1
A-89GLU,1.0,1.0,1.0,4,4
A-90LEU,2.0,2.0,2.0,3,3
A-91PHE,3.0,3.0,3.0,2,2
A-92ARG,1.0,1.0,2.0,2,3
A-93ASP,0.0,0.0,1.0,2,2
A-94GLY,0.0,0.0,0.0,0,0
A-95VAL,2.0,2.0,2.0,3,3
A-96ASN,1.0,1.0,1.0,3,2
A-97TRP,1.0,1.0,1.0,3,3
A-98GLY,0.0,0.0,0.0,0,0
A-99ARG,2.0,2.0,1.0,4,3
A-100ILE,1.0,1.0,1.0,1,1
A-101VAL,2.0,2.0,2.0,2,1
A-102ALA,4.0,3.0,2.0,4,4
A-103PHE,2.0,2.0,1.0,2,2
A-104PHE,2.0,2.0,2.0,2,1
A-105SER,1.0,2.0,1.0,1,1
A-106PHE,4.0,3.0,3.0,3,3
A-107GLY,0.0,0.0,0.0,0,0
A-108GLY,0.0,0.0,0.0,0,0
A-109ALA,1.0,0.0,0.0,1,2
A-110LEU,2.0,2.0,3.0,3,2
A-111CYS,5.0,4.0,4.0,3,4
A-112VAL,2.0,1.0,1.0,1,1
A-113GLU,2.0,1.0,2.0,2,1
A-114SER,4.0,4.0,4.0,4,2
A-115VAL,2.0,2.0,2.0,1,1
A-116ASP,0.0,0.0,1.0,1,1
A-117LYS,1.0,2.0,2.0,1,2
A-118GLU,0.0,0.0,0.0,2,1
A-119MET,3.0,4.0,3.0,3,1
A-120GLN,0.0,0.0,0.0,1,0
A-121VAL,0.0,0.0,0.0,2,2
A-122LEU,2.0,3.0,4.0,0,2
A-123VAL,3.0,3.0,3.0,3,2
A-124SER,2.0,2.0,1.0,2,0
A-125ARG,0.0,0.0,0.0,1,1
A-126ILE,2.0,2.0,2.0,2,2
A-127ALA,3.0,3.0,4.0,3,4
A-128ALA,1.0,2.0,1.0,1,2
A-129TRP,1.0,1.0,2.0,1,1
A-130MET,2.0,2.0,2.0,2,3
A-131ALA,2.0,2.0,2.0,2,3
A-132THR,1.0,1.0,1.0,0,1
A-133TYR,2.0,2.0,2.0,3,2
A-134LEU,1.0,1.0,1.0,1,2
A-135ASN,2.0,2.0,5.0,3,5
A-136ASP,1.0,1.0,2.0,0,0
A-137HIS,2.0,2.0,2.0,1,0
A-138LEU,2.0,2.0,2.0,2,1
A-139GLU,3.0,3.0,3.0,2,2
A-140PRO,0.0,0.0,0.0,0,0
A-141TRP,2.0,2.0,2.0,1,1
A-142ILE,1.0,1.0,1.0,3,3
A-143GLN,2.0,1.0,1.0,0,0
A-144GLU,0.0,0.0,0.0,0,0
A-145ASN,1.0,1.0,1.0,1,1
A-146GLY,0.0,0.0,0.0,0,0
A-147GLY,0.0,0.0,0.0,0,0
A-148TRP,2.0,2.0,2.0,2,2
A-149ASP,0.0,0.0,0.0,0,0
A-150THR,0.0,0.0,0.0,2,1
A-151PHE,2.0,2.0,3.0,1,3
A-152VAL,2.0,2.0,2.0,1,1
A-153GLU,0.0,0.0,0.0,2,1
A-154LEU,1.0,1.0,1.0,5,2
A-155TYR,2.0,3.0,4.0,2,2
A-156GLY,0.0,0.0,0.0,0,0
A-157ASN,1.0,0.0,2.0,0,1
A-158ASN,1.0,0.0,1.0,1,1
A-159ALA,3.0,1.0,2.0,5,3
A-160ALA,3.0,2.0,2.0,2,2
A-161ALA,1.0,1.0,1.0,2,2
A-162GLU,1.0,1.0,1.0,3,1
A-163SER,0.0,0.0,0.0,2,1
A-164ARG,3.0,2.0,3.0,2,3
A-165LYS,2.0,0.0,0.0,2,2
A-166GLY,0.0,0.0,0.0,0,0
A-167GLN,0.0,1.0,0.0,2,0
A-168GLU,3.0,0.0,0.0,2,2
A-169ARG,0.0,2.0,0.0,3,0
B-130GLU,,,,0,0
B-131GLU,,,,0,0
B-132GLN,,,,2,2
B-133TRP,,,,3,4
B-134ALA,,,,5,4
B-135ARG,,,,3,3
B-136GLU,,,,0,0
B-137ILE,,,,3,2
B-138GLY,,,,0,0
B-139ALA,,,,1,2
B-140GLN,,,,3,0
B-141LEU,,,,3,3
B-142ARG,,,,4,4
B-143ARG,,,,1,0
B-144MET,,,,3,1
B-145ALA,,,,3,3
B-146ASP,,,,2,2
B-147ASP,,,,2,0
B-148LEU,,,,2,0
B-149ASN,,,,3,0
B-150ALA,,,,2,3
B-151GLN,,,,1,0
B-152TYR,,,,2,3
B-153GLU,,,,3,1
B-154ARG,,,,2,2
